{"polyfill":["/polyfill.js","/polyfill.4ba6df7bfb144c114c09.hot-update.js"],"commons":["/commons.css","/commons.js","/commons.4ba6df7bfb144c114c09.hot-update.js"],"component---cache-dev-404-page-js":["/component---cache-dev-404-page-js.js"],"component---src-pages-404-js":["/component---src-pages-404-js.js"],"component---src-pages-about-js":["/component---src-pages-about-js.js"],"component---src-pages-index-js":["/component---src-pages-index-js.js","/component---src-pages-index-js.4ba6df7bfb144c114c09.hot-update.js"]}