{"namedChunkGroups":{"polyfill":{"name":"polyfill","assets":[{"name":"polyfill.js","size":1030271},{"name":"polyfill.4ba6df7bfb144c114c09.hot-update.js","size":881}],"filteredAssets":0,"assetsSize":1031152,"filteredAuxiliaryAssets":0,"auxiliaryAssetsSize":0},"commons":{"name":"commons","assets":[{"name":"framework.js","size":2669336},{"name":"commons.css","size":4845},{"name":"commons.js","size":2342350},{"name":"commons.4ba6df7bfb144c114c09.hot-update.js","size":880}],"filteredAssets":0,"assetsSize":5017411,"filteredAuxiliaryAssets":0,"auxiliaryAssetsSize":0},"component---cache-dev-404-page-js":{"name":"component---cache-dev-404-page-js","assets":[{"name":"component---cache-dev-404-page-js.js","size":77749}],"filteredAssets":0,"assetsSize":77749,"filteredAuxiliaryAssets":0,"auxiliaryAssetsSize":0},"component---src-pages-404-js":{"name":"component---src-pages-404-js","assets":[{"name":"framework.js","size":2669336},{"name":"commons.css","size":4845},{"name":"commons.js","size":2342350},{"name":"commons.4ba6df7bfb144c114c09.hot-update.js","size":880},{"name":"component---src-pages-404-js.js","size":5082824}],"filteredAssets":0,"assetsSize":10100235,"filteredAuxiliaryAssets":0,"auxiliaryAssetsSize":0},"component---src-pages-about-js":{"name":"component---src-pages-about-js","assets":[{"name":"framework.js","size":2669336},{"name":"commons.css","size":4845},{"name":"commons.js","size":2342350},{"name":"commons.4ba6df7bfb144c114c09.hot-update.js","size":880},{"name":"component---src-pages-about-js.js","size":5086385}],"filteredAssets":0,"assetsSize":10103796,"filteredAuxiliaryAssets":0,"auxiliaryAssetsSize":0},"component---src-pages-index-js":{"name":"component---src-pages-index-js","assets":[{"name":"framework.js","size":2669336},{"name":"commons.css","size":4845},{"name":"commons.js","size":2342350},{"name":"commons.4ba6df7bfb144c114c09.hot-update.js","size":880},{"name":"component---src-pages-index-js.js","size":5187726},{"name":"component---src-pages-index-js.4ba6df7bfb144c114c09.hot-update.js","size":8475}],"filteredAssets":0,"assetsSize":10213612,"filteredAuxiliaryAssets":0,"auxiliaryAssetsSize":0}},"assetsByChunkName":{"polyfill":["polyfill.js","polyfill.4ba6df7bfb144c114c09.hot-update.js"],"commons":["framework.js","commons.css","commons.js","commons.4ba6df7bfb144c114c09.hot-update.js"],"component---cache-dev-404-page-js":["component---cache-dev-404-page-js.js"],"component---src-pages-404-js":["framework.js","commons.css","commons.js","commons.4ba6df7bfb144c114c09.hot-update.js","component---src-pages-404-js.js"],"component---src-pages-about-js":["framework.js","commons.css","commons.js","commons.4ba6df7bfb144c114c09.hot-update.js","component---src-pages-about-js.js"],"component---src-pages-index-js":["framework.js","commons.css","commons.js","commons.4ba6df7bfb144c114c09.hot-update.js","component---src-pages-index-js.js","component---src-pages-index-js.4ba6df7bfb144c114c09.hot-update.js"]},"childAssetsByChunkName":{}}